compound,Space Group,Band Gap (eV),Lattice Thermal Conductivity (W/m K),Hole mobility (cm^2 / V s),Electron mobility (cm^2 / V s),beta (p-type),beta (n-type),Number of Atoms per Unit Cell,density (g/cm^3),volume of unit cell (A^3),Volume per Atom (A^3),Bulk Modulus (GPa),Average Coordination Number
La1O4V1,14,3.5,9.82,1.07,0.5,0.87,0.96,24,4.82,349.6,14.56666667,89.8,1.92
La1O4V1,141,3.15,12.41,2.69,7.35,2.25,0.67,12,4.42,190.9,15.90833333,97.3,3.92
In1O3Y1,185,2.02,6.27,3.45,411.06,2.85,3.85,30,5.67,442.3,14.74333333,137.2,4.53
Ba2In2O5,46,0.93,8.07,8.5,678.87,0.99,5.69,18,6.1,318.3,17.68333333,89.4,3.56
K6Mg1O4,186,1.71,2.2,0.48,35.84,0.47,2.63,22,2.53,424.3,19.28636364,31.7,5.59
O2Sr1Zn1,62,2.08,3.79,2.67,464.53,1.81,4.75,16,5.38,228.3,14.26875,87.8,5.31
Mg1O4Ti2,92,0.21,9.9,0.85,20.01,0.52,0.91,28,3.84,318,11.35714286,151.6,4.57
In1Na5O4,59,1.79,3.18,0.48,217.05,2.3,4.4,20,3.08,316.8,15.84,48.6,4.8
Na4O4Si1,2,3.24,4.27,0.34,142.73,1.1,3.08,18,2.58,237.1,13.17222222,55.8,4.83
Na6O4Zn1,186,1.55,3.92,1.51,312.1,2.34,4.94,22,2.96,299.9,13.63181818,52.8,4.32
Al6O16Sr4W1,197,3.58,10.41,4.21,112.4,0.72,2.67,27,3.54,446.4,16.53333333,79.2,3.07
Al1Cu1O2,166,2.2,56.12,3.51,128.19,1.43,1.21,4,4.99,40.8,10.2,157.1,4
Al1Cu1O2,194,2.22,28.87,4.5,104.97,3.14,1.39,8,4.99,81.5,10.1875,156.5,4
Ga2Mg1O4,227,3.15,13.28,1.06,1212.51,0.75,4.18,14,5.02,150.6,10.75714286,162.9,4.57
Mg1O1,192,3.05,7.51,10.7,282.39,0.74,2.74,24,2.39,336,14,95.5,5
Mg1O1,8,2.8,5.2,0.39,96.19,0.57,2.57,24,2.43,330.4,13.76666667,60.8,4.33
Mg1O1,225,4.54,41.11,5.45,668.21,0.73,1.67,2,3.51,19,9.5,151.9,6
Mg1O1,72,3.13,8.76,13.38,346.15,0.76,2.78,16,2.85,187.8,11.7375,105.3,5
Mg1O1,15,3.36,11.33,0.86,169.85,1.65,2.29,24,2.17,370.1,15.42083333,85.2,4
Mg1O1,223,2.93,22.34,0.69,275.7,0.58,2.12,12,2.27,177.3,14.775,95.6,4
Mg1O1,143,3.08,36.22,5.97,1047.59,1.06,2.1,2,3.37,19.8,9.9,138.3,6
Mg1O1,194,4.12,7.36,11.56,715.05,5.62,7.32,24,3.5,229.7,9.570833333,150.2,6
Mg1O1,194,3.33,32.78,18.91,532.23,0.51,1.93,4,2.97,45,11.25,126.6,5
Mg1O1,186,3.45,312.31,7.28,1250.13,0.19,1.48,4,2.77,48.3,12.075,238.1,4
O3Sc2,12,3.79,13.54,6.14,9.5,0.45,0.54,15,3.88,177.1,11.80666667,158.8,4.93
O3Sc2,164,3.8,27.29,33.49,31.4,0.65,2.53,5,3.9,58.7,11.74,155.3,5.2
Ba3O5Si1,140,3.52,2.41,1.46,1.87,1.11,0.61,18,5.53,312.2,17.34444444,72.7,7.11
O7Si2Y2,11,4.59,19.2,0.97,132.5,0.31,2.23,22,3.79,302.8,13.76363636,109.7,3.18
O7Si2Y2,12,4.66,38.83,1.53,223.47,0.26,1.93,11,3.81,151,13.72727273,131.1,3.55
O7Si2Y2,11,4.95,16.28,0.7,169.16,0.29,2.64,22,3.84,299.1,13.59545455,101.7,3.23
O7Si2Y2,14,4.77,24.96,3.45,245.28,0.93,2.56,22,3.85,298.4,13.56363636,127.1,2.36
Cd2Ge1O4,62,1.09,4.14,2.36,1443.74,1.98,8.6,28,5.97,402.1,14.36071429,96.2,4.36
In2O4Sr1,62,1.83,3.85,1.4,1515.9,2.76,7.52,28,6.58,385.1,13.75357143,125.1,5.61
In2O7Si2,227,1.84,40.31,1.49,2403.33,0.56,5.37,22,6.09,217,9.863636364,227.6,2.91
In2O7Si2,12,2.74,31.78,1.2,659.92,0.75,3.12,11,4.84,136.3,12.39090909,147.4,3.64
Ca1O3Zr1,221,3.48,6.21,17.51,717.83,6.37,8.66,5,4.05,73.5,14.7,150.1,12
Ca1O3Zr1,62,4.28,16.03,10.77,21.29,1.38,0.91,20,4.41,270,13.5,143.4,3.9
Na4O3Sn1,9,1.89,2.6,1.02,1.45,0.65,0.75,16,3.12,275.2,17.2,32.6,4.13
Ca1O6Si2Zn1,15,4.04,9.05,2.24,289.27,1.63,3.8,20,3.7,231.4,11.57,83.4,3.6
Hg6O7Si2,12,1.39,1.66,1.3,3.81,1.19,3.67,15,8.5,268,17.86666667,31.1,2.27
Au1Ba4Na1O8,139,1.67,1.67,1.37,2.94,4.27,1.16,14,6.04,246.7,17.62142857,39.1,5.07
Cd1O3Sn1,62,0.7,10.66,10.95,5223.65,2.55,10.02,20,7.33,252.9,12.645,155.9,3.9
Cd1O3Sn1,148,0.97,18.03,0.88,3207.06,1.16,7.68,10,6.83,135.7,13.57,123.5,3.6
Na2O7Si3,15,4.69,9.07,4.87,239.29,1.39,3.31,24,3.19,252.4,10.51666667,90.1,3.75
Ba2Mg1O7Si2,15,4.44,3.26,0.95,206.44,0.9,3.88,24,4.19,370.5,15.4375,73,5.5
Ba2Mg1O7Si2,113,4.48,3.67,0.91,152.87,1.6,3.09,24,4.11,377.6,15.73333333,82,5.54
O2Ti1,11,2.94,24.45,2.6,7.97,2.56,0.67,12,2.49,212.8,17.73333333,69.7,2.08
O2Ti1,141,2.38,68.32,40.85,50.25,12.09,0.73,6,3.67,72.3,12.05,166.8,4
O2Ti1,14,2.34,63.25,4.24,3.21,0.37,0.33,12,4.36,121.7,10.14166667,176.3,3.33
O2Ti1,61,2.4,22.71,13.28,15.92,0.62,0.66,24,3.91,271.5,11.3125,190.8,4
O2Ti1,136,2.07,85.44,9.93,26.3,0.35,3.11,6,4.04,65.7,10.95,200.8,4
O2Ti1,141,2.38,68.32,40.8,50.29,12.08,0.73,6,3.67,72.3,12.05,166.8,4
O2Ti1,12,2.95,90.45,2.26,6.12,0.73,1.09,12,3.52,150.7,12.55833333,174.2,2.92
O2Ti1,60,2.66,45.2,15.42,3.75,1.03,0.58,12,4.11,129,10.75,206.9,4
O2Ti1,152,3.53,15.71,0.63,2.26,0.88,0.49,9,2.12,187.5,20.83333333,43,2.67
O3Ti2,167,0.44,24.02,23.11,9.73,1.87,2.21,10,4.36,109.5,10.95,191.5,4.8
Ca2O4Pb1,55,1.5,4.82,2.49,312.5,0.52,3.59,14,5.86,199,14.21428571,102.4,5.07
Mg1O3Ti1,148,3.63,31.82,2.76,1.16,2.92,0.83,10,3.75,106.4,10.64,159.5,4.1
O4Si1Zr1,88,4.38,42.64,4.16,1.35,0.65,0.82,12,4.92,123.9,10.325,216.8,3.92
O4Si1Zr1,141,4.86,49.22,4.3,3.42,0.33,1.2,12,4.4,138.2,11.51666667,194.7,3.75
O2Sn1,61,0.64,3.72,1.66,5140.15,3,14.92,24,7.31,273.8,11.40833333,104.7,4.67
O2Sn1,58,0.68,35.15,13.18,4021.88,0.57,5.58,6,6.64,75.4,12.56666667,167.3,4
O2Sn1,136,0.66,34.93,12.87,3888.14,0.56,5.51,6,6.63,75.5,12.58333333,166.6,4
O2Sn1,62,1.28,10.08,6.1,2194.39,7.15,5.79,12,5.86,170.7,14.225,138.5,4.67
O2Sn1,205,0.59,20.75,2,9313.77,1.59,9.32,12,7.24,138.3,11.525,189.6,4
Ca2O9Pb1Si3,2,4.39,4.74,0.8,5.96,1.65,1.23,30,4.22,405.8,13.52666667,57.9,3.3
Na2O8Si3Zn1,4,3.93,3.72,0.24,134.19,0.35,4.31,28,2.88,373,13.32142857,42.9,3.68
Na1O3Rb1Ti1,15,3.74,3.59,0.36,1.51,0.3,0.54,12,3.61,188.2,15.68333333,52.3,4.75
K1La1O4Ti1,129,2.79,5.39,0.61,10.75,0.64,2.01,14,4.62,208.4,14.88571429,79.8,4.43
Hf2O7Y2,227,3.4,20.31,10.04,189.32,3.96,2.56,22,7.13,301.2,13.69090909,161.8,2.91
K2O9Si3Sn1,176,3.85,5.98,1.77,86.59,1.8,2.85,30,3.31,426.5,14.21666667,66.2,3.57
Ge2Na1O6Sc1,15,3.47,5.8,2.74,155.83,2.67,3.36,20,3.93,261.6,13.08,71.5,3.85
Ba1O3Pb1,74,0.2,3.23,16.37,38.16,16.29,1.63,10,7.9,165,16.5,96.9,6
Ba1O3Pb1,12,0.2,6.33,13.52,41.83,11.87,1.7,10,7.92,164.7,16.47,96.9,4.2
Ba1O3Pb1,140,0.03,2.22,6.49,204.94,7.96,3.17,10,7.94,164.2,16.42,98.3,10.3
Ba1O3Pb1,74,0.21,5.61,16.39,38.47,16.31,1.64,10,7.92,164.7,16.47,97,4.4
Cd1O2Rb2,60,1.32,2.06,0.22,109.26,0.84,4.97,20,4.73,443.2,22.16,35.1,3.95
K2O7W2,14,2.25,2.26,1.99,1.69,5.97,1.87,22,5.5,336.6,15.3,44.3,4.05
Ba3In2O6,139,0.86,10.41,29.59,303.42,11.45,3.63,11,6.17,198.5,18.04545455,87.1,3.64
Al1Na1O2,33,3.82,10.43,0.6,255.01,0.52,2.95,16,2.67,203.6,12.725,78.9,3.94
Al1Na1O2,166,4.75,16.79,1.49,413.5,0.61,1.92,4,3.49,39,9.75,130.7,6
Al4O7Sr1,15,3.76,17.24,1.4,237.02,0.36,2.79,24,3.16,323.3,13.47083333,103,3.42
Au1O1Rb1,139,1.64,1.53,0.17,7.06,0.49,2.19,12,6.61,300,25,24.6,3.5
La2O7Zr2,227,3.94,23.51,2.81,18.17,1.33,0.93,22,5.73,332,15.09090909,150,2.91
La2O7Zr2,227,0.24,24.88,4.87,315.25,1.62,2.86,22,5.95,319.2,14.50909091,159.3,2.91
K1O2Sc1,166,3.97,7.21,14.6,26.02,4.71,2.22,4,3.34,57.7,14.425,92.9,7.5
O3Rb2Ti1,64,3.91,1.58,0.25,1.76,3.26,2.04,24,3.52,503,20.95833333,28.3,7.17
Ca1Ge1O5Zr1,2,3.67,11.32,1.83,138.28,2.02,2.85,16,4.23,222.7,13.91875,78.7,3.38
Ca1O3Pb1,62,0.96,4.57,0.81,105.15,0.89,3.11,20,6.92,283.4,14.17,90.3,4
Ga2K6O6,12,2.65,3.05,0.15,62.48,0.54,2.96,14,3.01,259,18.5,35.4,4.14
Ge1O4Zr1,88,3.93,36.2,1.68,13.9,0.52,2.41,12,5.74,131.9,10.99166667,197.2,3.75
La2Mo1O6,121,3.22,9.03,3.2,0.19,5.26,0.21,9,5.16,151.3,16.81111111,65.1,3.56
Al2O11Si4,2,4.16,0.7,0.13,4.55,4.26,2.96,17,2.42,234.5,13.79411765,3.3,3
Ba3Ge1O1,62,0.39,1.63,5.69,8.8,7.23,1.72,20,5.17,643.3,32.165,35.9,4.65
Ba1O5Ti2,5,2.07,3.91,4.23,15.04,1.95,1.08,24,4.86,321,13.375,111.4,6.58
Ba1O5Ti2,12,2.07,3.79,4.13,14.82,1.93,1.07,24,4.86,321.1,13.37916667,111.4,6.92
Ba1O5Ti2,12,2.07,3.61,4.14,14.79,1.93,1.07,24,4.86,321.1,13.37916667,111.4,7.63
Au2O4Sr1,88,1.68,3.44,0.57,3.1,1.18,1.55,14,8.91,203.4,14.52857143,89.5,4.5
O13Rb2Ti6,12,2.92,6.3,4.27,0.73,3.9,0.82,21,3.85,287.3,13.68095238,111,5.1
Ba1Ca2Mg1O8Si2,147,5.02,5.63,0.99,352.25,1.23,3.22,14,3.96,178.7,12.76428571,100.7,5.57
Na1O6Si2Ti1,15,0.95,11.33,2.82,0.52,1.38,0.23,20,3.29,225.4,11.27,108,4
Na1O6Si2Ti1,2,0.96,11.79,0.94,0.51,0.3,0.23,20,3.28,225.5,11.275,108.1,3.95
O4Sn2Ti1,135,1.34,4.29,5.48,6.47,3.64,2.6,28,5.14,451.5,16.125,59.9,3.39
Hf1O3Sr1,62,4.63,10.2,0.91,93.49,0.63,6.08,20,7.36,283.3,14.165,148.6,3.9
Hf1O3Sr1,99,4.13,8.26,7.48,142.35,2.41,4.7,5,7.17,72.7,14.54,144.3,6.4
Hf1O3Sr1,221,4.13,3.93,13.19,97.27,5.12,3.8,5,7.18,72.7,14.54,154.8,12
Hf1O3Sr1,63,4.36,4.29,13.09,91.51,5.53,2.01,20,7.35,284,14.2,148.6,6.2
Hf1O3Sr1,74,4.37,12.28,21.03,105.97,9.86,1.71,10,7.35,142,14.2,149.2,4.4
Hf1O3Sr1,62,4.63,14.97,0.9,97.01,0.63,6.18,20,7.37,283.2,14.16,148.6,3.5
Hf1O3Sr1,140,4.49,17.3,9.25,58.64,5.94,2.76,10,7.34,142.1,14.21,145.3,3.9
Hf1O3Sr1,127,4.06,18.88,7.13,113.06,1.19,3.6,10,7.32,142.5,14.25,144.3,3.8
Hf1O3Sr1,221,4.13,3.93,13.23,100.27,5.13,3.84,5,7.18,72.7,14.54,154.8,12
O3Si1Zn1,148,3.61,53.56,2.51,870.52,1.88,3.26,10,5.03,93.4,9.34,173.2,3.4
O7Y2Zr2,227,2.89,8.19,4.28,103.27,1.47,1.75,22,5.1,307.7,13.98636364,155.4,4.95
Cd1Ga2O4,227,1.6,10.04,1.54,2450.9,1.65,6.29,14,6.28,167.1,11.93571429,154.5,4.57
Ca3O7Ti2,36,2.74,16.59,0.93,21.2,0.77,1.78,24,3.67,296.6,12.35833333,143.9,3.88
Ga1In1O7Zn4,194,0.96,10.59,16.68,2246.48,8.52,7.57,26,5.8,319.7,12.29615385,140.4,3.73
La1O3Y1,62,4.2,9.64,2.85,2.19,3.5,1.8,20,5.68,322.6,16.13,122.8,3.95
La1O3Y1,33,4.2,7.46,2.83,2.63,3.48,1.93,20,5.67,322.9,16.145,122.8,4.35
Ba2O8Si2Ti1,100,4.14,2.9,0.75,0.54,1.25,0.37,26,4.23,397.5,15.28846154,74.2,6.85
Ba2O7Si2Zn1,15,3.98,2.82,6.26,230.27,4.94,4.18,24,4.54,371.4,15.475,74,6.63
Ba1Cd1O2,62,0.97,3.39,2.95,407.4,2.23,5.33,16,6.62,282.8,17.675,76.1,4.56
O9Rb2Si3Sn1,176,3.8,2.85,1.79,90.98,1.93,3.09,30,3.86,445.2,14.84,66.7,6.67
Ba3Ga2Ge4O14,150,2.24,4.7,1.33,329.1,1.41,4.25,23,5.29,334.7,14.55217391,95.4,4.48
Ca1O3Sn1,225,1.44,5.32,15.27,2302.54,4.87,4.02,5,5.13,67,13.4,148.9,11
Ca1O3Sn1,148,2.92,30.25,0.68,366.49,0.92,2.86,10,4.98,138,13.8,117.3,3.4
Ca1O3Sn1,62,2.36,13.61,0.74,340.49,0.53,3.1,20,5.37,256,12.8,142,3.8
K1La1O2,166,3.88,4.11,0.49,49.11,0.95,1.5,4,4.5,77.5,19.375,59,6
Au1K3O1,221,0.62,0.85,0.2,21.12,1.12,7.25,5,3.68,148.8,29.76,18.5,12
Na4O4Ti1,2,3.27,3.83,0.28,51.47,0.81,2.17,18,2.57,263.4,14.63333333,50.3,4.83
Ca3O1Si1,62,0.24,2.76,171.87,156.87,8.95,5.75,20,2.59,422,21.1,58.5,10.25
Hf1O4Si1,141,5.69,28.52,5.04,3.69,0.41,1.1,12,6.67,134.6,11.21666667,206.3,3.92
Al2Ge2O7,15,3.41,15.81,3.08,408.53,2.17,3.83,22,3.96,261,11.86363636,105.4,3.14
Ba1Ge3O9Sn1,188,2.76,3.37,1.15,238.72,0.91,3.85,28,4.63,443,15.82142857,88.7,5.89
K2O2Pb1,2,1.92,1.11,0.18,4.21,1.2,2.1,20,4.51,467.4,23.37,18.1,4.5
O3Sn1Zn1,161,1.09,30.9,1.82,2830.17,0.62,5.87,10,6.57,117.3,11.73,164,3.6
O3Sn1Zn1,148,1.29,9.03,1.42,2437.44,1.29,6.32,10,6.48,119,11.9,138.4,4.8
O3,61,0.74,0.71,0.02,0.03,0.66,0.38,24,1.79,355.4,14.80833333,2.5,1.33
Ge2In2O7,12,1.83,23.92,1.18,1797.53,0.29,5.48,11,5.46,148.06,13.46,127.3,3.55
Ge2In2O7,12,1.83,21.55,1.21,1510.08,0.3,5.11,11,5.47,147.8,13.43636364,127.5,3.64
O7Pb1Ti3,11,2.18,11.15,11.03,3.75,4.42,2.3,22,5.45,281.9,12.81363636,128.9,3.73
Ca2Ga2O5,46,2.18,9.44,5.04,727.44,0.56,4.13,18,4.43,224.7,12.48333333,125.2,4.39
Ga4Ge1O8,12,2.03,14.6,1.91,1441.36,0.72,5.12,13,5.42,146.9,11.3,139.2,4
K2Mo3O10,15,3.21,1.06,0.07,0.1,0.49,1.73,30,3.33,524.8,17.49333333,11,5.43
Ca1Ge2O5,2,2.41,16.92,1.66,585.09,0.84,4.41,16,4.66,189.1,11.81875,104.4,3.31
Ca1Ge2O5,2,2.4,16.13,1.9,595.03,0.89,4.43,16,4.64,189.9,11.86875,104.3,3.38
Ca1Ge2O5,15,2.4,19.63,2.08,643.94,0.87,4.31,16,4.64,189.9,11.86875,112.3,2.56
Ca1Ge2O5,1,2.41,10.88,1.67,611.82,0.85,4.49,16,4.66,189.2,11.825,104.4,3.75
Ca1Ge2O5,15,2.42,8.97,2.08,641.98,0.87,4.31,16,4.65,189.6,11.85,112.2,4.19
Na1O2Y1,15,3.89,4.61,1.49,261.01,1.33,3.51,16,4.13,231.3,14.45625,81.2,5
Ba3Na1Nb1O6,167,3.23,2.44,1.55,10.04,2.73,3.45,22,5.44,380.9,17.31363636,81.1,8.64
Ba1O9Si3Sn1,188,3.74,4.74,0.93,128.05,0.35,2.48,28,3.98,403.9,14.425,105.1,5.46
Al1O3Sc1,62,4.95,29.42,10.29,6.86,0.54,2.29,20,4.1,194.3,9.715,201.1,3.85
Ba2O4Ti1,14,4.07,2.5,0.69,23.73,0.5,2.05,28,4.92,521.8,18.63571429,60.8,5.11
O14Si4Sr2Ti2,63,4.02,4.01,5.51,0.82,3.09,0.72,22,3.54,284.8,12.94545455,82.4,5.91
O4Si1Zn2,122,2.66,31.56,0.65,847.26,0.68,3.98,14,4.48,165.3,11.80714286,131.7,3.21
O4Si1Zn2,61,2.29,14.56,10.23,2141.61,0.72,6.09,28,5.58,265.2,9.471428571,194.5,3.89
O4Si1Zn2,74,2.09,7.67,4.05,906.72,0.57,4.94,28,5.13,288.7,10.31071429,152.8,4.54
O4Si1Zn2,14,2.24,4.58,1.17,212.96,1.29,5.16,28,4.27,346.3,12.36785714,57.8,3.39
O4Si1Zn2,227,2.35,15.85,13.05,1224.14,1.93,3.96,14,5.26,140.6,10.04285714,183.6,4.5
O4Si1Zn2,62,2.55,9.42,2.44,1081.41,1.54,5.86,28,4.8,308.4,11.01428571,126.8,3.79
Mg2O4Si1,74,4.51,11.21,1.32,461.13,0.29,3.07,28,3.38,276.1,9.860714286,154.5,4.54
Mg2O4Si1,139,3.54,39.67,45.77,575.35,4.35,2,7,3.57,65.5,9.357142857,182.2,4.57
Mg2O4Si1,12,4.51,11.05,1.32,578.38,0.29,3.36,28,3.38,276.1,9.860714286,154.4,4.57
Mg2O4Si1,12,4.62,10.85,1.68,366.52,0.33,2.84,14,3.12,149.7,10.69285714,109.4,4.57
Mg2O4Si1,55,4.47,9.73,4.96,809.33,0.98,3.76,14,3.69,126.6,9.042857143,133.7,5.07
Mg2O4Si1,10,4.5,6.46,1.25,418.45,0.8,4.08,28,3.09,302.6,10.80714286,94.3,4.46
Mg2O4Si1,62,4.67,8.76,4.13,530.9,0.55,3.85,28,3.15,296.8,10.6,116.8,4.36
Mg2O4Si1,227,4.8,21.87,0.74,628.18,0.53,2.61,14,3.47,134.5,9.607142857,174,4.5
Mg2O4Si1,12,4.23,6.96,4.78,238.76,4.4,3,14,3.03,154.3,11.02142857,80.1,4.57
Al2O5Si1,15,5.55,84.33,10.29,1111.63,2.28,2.97,16,3.87,139,8.6875,225.7,2.94
Al2O5Si1,63,5.46,28.9,16.72,912.65,1.64,2.7,16,3.54,151.9,9.49375,212.5,4.44
Ga1Na1O2,33,2.86,6.34,0.54,345.51,1.89,4.19,16,3.8,218.2,13.6375,72.3,4
Ba2O3Zn1,15,2.68,2.86,2.42,186.38,3.94,4.47,24,5.9,436.9,18.20416667,68.6,4.54
Na1O6Sc1Si2,15,5.11,12.4,3.09,138.38,0.49,2.24,20,3.05,239.9,11.995,98.4,3.8
Ba2Ge2Mg1O7,113,3.59,3.97,0.69,170.35,1.63,3.69,24,4.57,404.6,16.85833333,72.7,4.33
Hf2La2O7,227,4.24,18.36,3.09,0.52,1.54,0.5,22,7.62,325.3,14.78636364,156.4,2.91
Ba1Hf1O9Si3,188,4.68,6.06,1.83,94.52,0.98,2.38,28,4.38,412.5,14.73214286,100.5,4.21
Na4O12Ti5,143,2.81,11.14,0.77,1.51,0.5,0.98,21,3.54,245.5,11.69047619,128,4.33
Au2Ba1O4,88,1.6,2.51,0.62,0.76,1.24,0.9,14,8.86,223.2,15.94285714,84.7,5.5
O8Si1Sn6,186,1.82,2.13,0.29,94.48,1.15,23.09,30,5.09,566.5,18.88333333,33.3,2.13
O4Si1Sr2,62,4.38,4.04,3.96,218.48,1.72,4.29,28,4.4,403.9,14.425,73.5,4.21
O4Si1Sr2,14,4.47,4.06,0.67,256.93,0.78,4.24,28,4.39,404.9,14.46071429,80.8,4.54
Ga1In1O3,194,1.36,18.59,2.81,3148.53,1.43,5.95,10,6.46,119.6,11.96,166.9,4.2
Al2Ba1O4,182,3.94,3.84,0.7,197.25,0.89,2.82,14,3.93,215.6,15.4,83.9,6.57
Ba2O4Sn1,139,2.45,8.03,10.54,241.28,10.26,2.76,7,6.35,119.6,17.08571429,95,4.57
Al2O4Pb1,1,3.96,7.14,0.41,6.32,0.35,1.05,14,5.25,205.7,14.69285714,62.7,3.14
Al2O4Pb1,40,3.96,7.14,0.42,6.23,0.36,1.05,14,5.25,205.7,14.69285714,62.7,3.14
K1Na1O3Ti1,15,3.86,4.05,0.63,0.22,0.34,0.23,12,2.91,180,15,52.3,4.92
Ga4O7Sr1,15,2.44,9.73,1,276.13,0.41,3.86,24,4.5,353.5,14.72916667,90.2,3.42
O7Ti2Y2,227,3.06,37.84,31.69,24.91,10.55,1.74,22,4.7,272.6,12.39090909,179.2,2.91
Ba1Fe4O7,176,0.01,4.82,8.12,1.74,7.18,1.55,24,5.38,291.9,12.1625,148.6,6.63
Ba1Nb2O6,51,2.11,4.74,1.23,23.48,0.87,4.24,18,5.18,268.8,14.93333333,90.2,4.61
Ba1Nb2O6,14,2.56,3.18,10.38,6.14,3.76,2.29,18,5.28,263.7,14.65,101.4,7.94
Na2O1,225,1.89,6.89,0.12,150.25,0.49,2.12,3,2.36,43.7,14.56666667,45.4,5.33
Na2O6Si2Zn1,43,3.87,7.87,0.52,128.25,1.79,3.23,22,2.97,295,13.40909091,58.2,2.82
Na2O6Si2Zn1,15,3.62,9.88,5.53,148.31,2.48,3.08,22,2.91,301,13.68181818,65.6,2.77
O7Sr3Zr2,47,3.48,4.68,22.69,77.48,8.95,3.66,24,4.91,377,15.70833333,124.8,6
O7Sn2Sr3,63,2.17,11.17,3.12,243.47,3.5,3.33,24,5.76,352.9,14.70416667,118.2,3.5
Al1O2Rb1,227,3.37,3.07,1.29,177.17,0.83,1.99,8,3.59,133.6,16.7,91.3,15
O9Rb2Si3Ti1,176,3.45,2.81,0.78,0.55,1.36,1.57,30,3.45,430.2,14.34,63.7,8.77
Au1Na1O2,63,1.17,1.06,0.94,4.71,0.97,3.7,8,6.8,123.1,15.3875,24.8,6
Au1O2Y1,194,2.8,10.53,5.23,43.52,7.54,1.47,8,7.55,139.8,17.475,102.9,4
K2O3Sn2,146,1.19,1.28,96.52,13.11,4.26,3.84,7,3.9,155,22.14285714,24.6,6.86
K2O3Sn2,199,1.27,1.32,135.43,4.15,6.43,6.38,14,3.98,303.4,21.67142857,21.9,5.14
K2O3Sn2,166,1.19,1.33,98.65,13.11,4.3,3.84,7,3.9,155,22.14285714,24.6,6.29
Ca1O5Si1Sn1,2,3.2,11.84,0.67,258.13,0.3,3.2,16,4.38,202.3,12.64375,97.7,3.63
Ca1O5Si1Sn1,15,3.24,12.73,0.66,296.97,0.28,3.27,16,4.37,202.9,12.68125,101.5,3.63
Fe2K4O5,14,0.3,2.9,0.17,1.01,0.56,1.72,22,3.21,360,16.36363636,44.3,4.55
Co2O3Rb2,62,0.01,1.72,9.27,5.74,22.83,3.77,28,4.1,546.2,19.50714286,27.5,3.96
Cu1In1O8W2,15,1.31,6.72,3.17,2.11,3.3,1.4,24,7.7,290.8,12.11666667,98.5,3.33
Cd1Ge1O3,62,0.86,12.05,9.58,3877.8,0.76,8.34,20,7.18,215.5,10.775,175.1,3.95
Cd1Ge1O3,148,1.4,29.89,1.29,2367.05,1.83,6.16,10,6.52,118.7,11.87,141.4,3.4
Cd1Ge1O3,15,1.46,4.6,0.73,659.33,1.46,7.44,20,5.68,272.3,13.615,67.8,3.6
In1Na1O2,166,1.93,5.83,0.41,546.84,0.39,3.45,4,5.46,51.6,12.9,88.6,6
Ca1O4Ti2,63,0.2,13.52,7.34,7.33,1.92,1.92,14,4.21,157.5,11.25,166.6,5
O2Zn1,205,2.03,9.96,12.84,1.13,1.54,0.58,12,5.31,121.8,10.15,139.7,4.67
Hg1O2Rb2,139,1.99,1.37,0.47,4.46,2.3,1.42,5,5.2,128.9,25.78,21.4,4.4
Al2Ca2O5,46,3.57,10.09,6.39,325.6,0.51,2.46,18,3.41,208.5,11.58333333,138.8,5.11
Na1O2Sc1,166,4.41,10.75,1.27,9.6,0.46,1.54,4,3.36,49.4,12.35,95.2,6
Na2O13Ti6,12,3.16,7.51,0.81,0.98,1.25,1.35,21,3.33,270,12.85714286,92.8,4.29
Ge1O5Pb3,3,2.37,0.81,0.78,2.04,1.37,2.01,9,7.92,162.4,18.04444444,15.2,3.78
Ge1O5Pb3,4,2.32,1.01,0.65,8.16,2.6,3.57,18,7.98,322.2,17.9,18.6,2.39
La2Na2O10Ti3,139,2.39,8.32,1.99,28.48,1.24,1.2,17,4.7,221.6,13.03529412,117.1,4.41
Cd2O4Sn1,55,0.41,7.09,2.43,5513.6,1.9,10.45,14,7.29,185.7,13.26428571,131.1,4.5
Cd2Na14O9,147,1.4,2.98,0.32,230.26,1.69,4.72,25,2.98,384.5,15.38,48.6,5.12
O8,12,1.46,0.88,0.04,0.04,1.49,1.49,8,1.93,110.3,13.7875,4.5,1
Ba1O7Si2Zn2,36,3.33,7.64,1.44,252.16,0.49,3.87,24,4.13,351.1,14.62916667,81.6,3.58
K3O7Sc1Si2,194,3.65,4.26,4.59,98.05,1.14,1.95,26,2.81,390.8,15.03076923,96.3,8.31
K6O7Si2,14,3.53,2.45,0.47,91.78,2.63,3.62,30,2.52,530.9,17.69666667,39,6.57
Cr1Na1O8W2,13,0.22,6.39,0.31,0.29,0.33,0.32,24,6.58,288.2,12.00833333,87.1,2.92
Au1Ga1O2,194,0.05,12.36,36.72,570.61,11.8,3.93,8,9.91,100.1,12.5125,142.3,4
O3Pb1Sr1,62,0.8,6.16,11.72,48.82,12.86,2.07,20,7.43,306.4,15.32,104.2,3.8
Ba2Ge2O8Ti1,35,3.72,2.8,0.84,46.22,1.99,2.48,26,4.6,429.9,16.53461538,64.6,5.19
K4O7V2,12,3.38,2.04,0.21,0.18,0.32,0.3,13,2.59,237.7,18.28461538,29.8,6.31
Al1Ba1La1O4,19,4.29,9.21,2.06,0.94,2.9,2.11,28,5.63,433.6,15.48571429,99.8,3
O1Sn1,36,0.26,1.54,1.9,109.23,2.8,14.17,8,6.08,147.2,18.4,19.6,2.5
O1Sn1,129,0.23,1.19,1.42,90.67,2.23,11.76,4,6.11,73.2,18.3,18.4,4
Ba1O2,139,2.32,3.21,0.87,36.23,0.57,1.27,3,5.38,52.2,17.4,64.8,7.33
Ba1O2,139,2.32,3.21,0.87,36.62,0.57,1.28,3,5.38,52.2,17.4,64.8,7.33
Cd1In2O4,141,0.93,20.51,1.16,3070.22,2.05,7.99,14,6.67,202.1,14.43571429,126,3.14
Cd1In2O4,227,0.93,7.26,0.92,2496.52,1.55,7.31,14,6.65,202.83,14.48785714,126.5,4.57
O1Rb2,225,1.33,1.65,0.17,37.7,1.1,2.36,3,3.82,81.3,27.1,22.6,5.33
K1Na1O1,129,2.16,11.13,0.42,122.93,0.6,2.9,6,2.52,102.8,17.13333333,35.1,3.33
Hf1O3Pb1,221,2.33,3.11,4.74,847.51,2.17,10.38,5,9.83,73.2,14.64,157.5,12
Ca1Ga1La1O4,33,3.41,5.99,8.25,221.85,5.35,3.33,28,4.65,447,15.96428571,102.4,4.21
Ba1Ge1O3,19,3.51,2.4,0.67,97.72,2.16,3.97,20,4.81,356.5,17.825,47.5,4.5
Cd1O3Ti1,62,2.44,15.51,7.9,35.12,1.82,2.2,20,6,230.4,11.52,182.7,4
Cd1O3Ti1,62,2.44,16.15,7.95,33.99,1.82,2.17,20,6,230.5,11.525,182.7,3.95
Cd1O3Ti1,148,3.02,11.34,1.66,2.51,1.22,0.36,10,5.57,124.2,12.42,142.9,4.8
Cd1O3Ti1,33,2.44,15.51,7.86,35.21,1.81,2.2,20,6,230.4,11.52,182.7,4
Cu1K1Na2O2,107,1.8,3.51,1.34,18.04,3.32,1.34,6,2.88,104,17.33333333,38.1,5
O1Sr1,221,2.75,5.56,52.54,38.45,12.53,1.84,2,5.55,31,15.5,88.7,8
O1Sr1,225,3.28,11.75,4.18,53.12,1.07,2.96,2,4.88,35.3,17.65,84.4,6
Ge2K6O7,7,3.08,2.28,0.3,43.84,2.54,3.11,30,2.86,571.4,19.04666667,34.3,4.77
Ga2O4Zn1,227,2.33,11.95,1.17,2061.26,0.82,5.44,14,5.91,151.1,10.79285714,168.6,4.57
K2O6Si2Zn1,20,3.93,2.68,0.32,99.8,0.73,3.6,22,3,327.1,14.86818182,43.2,5.36
Al2O3,60,5.33,19.33,3.1,1416.68,0.3,3.5,20,3.96,171.2,8.56,230.2,4.8
Al2O3,13,5.9,35.01,4.14,858.73,0.81,2.28,10,3.88,87.3,8.73,230.6,4.8
Al2O3,12,4.46,71.73,9.95,850.07,1.29,2.55,10,3.51,96.4,9.64,183,3.6
Al2O3,167,5.9,35.01,4.06,884.64,0.8,2.3,10,3.88,87.3,8.73,230.6,4.8
Ge2Mg1O7Sr2,113,3.58,5.07,0.56,181.81,1.8,3.62,24,4.13,366.9,15.2875,74.4,4
Ge1Hf1O4,88,3.99,22.28,1.5,622.92,0.57,3.18,12,8.12,128.8,10.73333333,206.1,3.92
Al2O6Rb6,12,2.69,1.87,0.22,74.85,1.09,3.74,14,3.87,284.2,20.3,33,5.14
K2O3Pb1,36,1.27,2.27,0.11,37.27,0.27,2.79,12,4.79,231.4,19.28333333,37.1,4.25
K2O3Pb1,193,1.16,2.02,0.41,126.63,1.78,4.41,24,5.47,405.1,16.87916667,55.9,6.75
K2O3Pb1,62,1.26,1.69,0.21,40.92,0.86,3.54,24,4.81,460.1,19.17083333,36.5,5.33
Al2O4Sr1,4,4.15,6.86,2.22,247.42,1.75,3.83,28,3.45,395.9,14.13928571,77.9,3.71
K1Na1O2Zn1,14,1.79,3,0.78,223.26,0.97,4.64,20,3.38,313.8,15.69,48.9,4.8
O2Rb1Y1,166,3.66,5.52,0.89,125.87,1.05,1.9,4,4.75,72.2,18.05,73.5,6
O4Pb3,55,0.94,1.16,28.02,12.52,5.03,7.29,14,9.41,242,17.28571429,24.4,3.43
O4Pb3,55,1.2,1.64,0.87,43.09,2.07,4.93,28,8.44,539.4,19.26428571,37,3.39
O4Pb3,117,1.12,1.61,1.14,59.14,2.35,5.71,28,8.38,543.7,19.41785714,35.7,3.36
O4Pb3,135,1.12,1.57,1.15,58.2,2.35,5.65,28,8.38,543.2,19.4,35.9,3.43
Na1O4Si1Y1,33,4.2,5.91,4.88,213.27,4.27,3.23,28,3.51,386.1,13.78928571,91.5,4.39
O2Rb1Sc1,194,3.72,5.3,2.31,36.83,2,3.64,8,4.38,123.2,15.4,90.1,6
O2Rb1Sc1,166,3.57,5.69,1.45,47.81,1.07,3.26,4,4.37,61.7,15.425,90.2,7.25
O2Rb1Sc1,187,3.72,4.05,2.31,36.75,2,3.64,8,4.38,123.2,15.4,90.1,7.38
Na2O7Si2Zr1,2,4.56,6.9,0.73,116.5,0.44,3.31,24,3.21,316.1,13.17083333,58.3,3.08
In1La1O3,62,2.66,9.5,24,253.47,9.71,3.12,20,6.85,292.5,14.625,135.8,3.9
In2O3,167,0.99,35.39,2.52,4884.07,2.69,7.93,10,6.96,132.4,13.24,147.9,2.4
In2O3,60,0.8,6.55,1.32,6258.53,1.8,10.66,20,7.2,256,12.8,155.6,4.8
Mg3O8V2,64,3.24,9.35,6.19,1.3,2.07,2.22,26,3.38,297.1,11.42692308,107.8,4
O3Si1Sr1,15,4.61,3.52,0.64,93.92,1.18,2.89,30,3.54,460.6,15.35333333,69.4,5.13
Ge4O9Pb1,5,3.48,13.88,2.08,8.73,3.05,1.81,14,5.77,184.8,13.2,97.5,2.86
O2Si1,152,5.69,4.45,0.11,38.15,0.5,2.63,9,2.5,119.5,13.27777778,26,2.67
O2Si1,3,2.7,29.98,0.3,132.34,0.34,1.92,12,2.73,146.4,12.2,89.9,2.67
O2Si1,64,5.36,26.8,1.79,50.09,0.67,1.26,24,1.87,426.3,17.7625,84.8,2.67
O2Si1,122,5.75,5.02,0.29,22.79,0.71,2.03,6,2.17,92.1,15.35,21.5,2.67
O2Si1,68,4.5,19.16,4.43,95.8,0.56,1.9,24,2.13,374.9,15.62083333,79.4,2.67
O2Si1,15,1.43,312.48,10.98,595.55,0.26,1.29,24,2.42,329.6,13.73333333,338.5,2.71
O2Si1,225,1.74,93.6,104.86,3004.95,8.25,2.43,3,4.14,24.1,8.033333333,264.2,5.33
O2Si1,136,4.97,122.7,56.69,1353.64,0.62,2.2,6,4.14,48.2,8.033333333,263.6,4
O2Si1,54,4.34,12.45,2.98,224.93,2.34,3.3,24,2.91,274,11.41666667,80.9,2.67
O2Si1,56,5.51,28.38,2.49,127.43,0.76,1.82,24,2.37,336.1,14.00416667,106.3,2.67
O2Si1,6,4.08,2.24,0.36,38.25,1.73,3.73,12,2.91,137.2,11.43333333,18.7,2.67
O2Si1,15,5.5,21.53,2.08,231.66,0.8,2.62,24,2.79,286.6,11.94166667,105.4,2.67
O2Si1,205,3.98,77.83,9.28,2437.58,1.02,3.17,12,4.41,90.5,7.541666667,308.9,4
O2Si1,1,4.78,3.62,0.16,65.33,0.65,3.59,12,2.75,145.3,12.10833333,26.8,2.67
O2Si1,118,5.28,15.67,11.63,148.25,7.17,2.48,24,2.33,342,14.25,76.8,2.67
O2Si1,194,5.36,151.39,3.61,106.02,1.17,0.9,12,1.92,207.8,17.31666667,144.1,2.67
O2Si1,154,5.67,4.5,0.11,38.95,0.5,2.63,9,2.49,120.1,13.34444444,26.1,2.67
O2Si1,70,4.3,6.12,1.1,34.7,1.05,2.09,24,2.03,393.7,16.40416667,39.3,2.67
O2Si1,116,5.21,26.04,2.09,160.15,0.36,2.06,24,2.25,354.8,14.78333333,97.4,2.67
O2Si1,38,5.57,3,0.26,13,0.85,2.02,24,1.9,419.3,17.47083333,21.8,2.67
O2Si1,70,5.56,69.17,7.25,133.76,1.71,1.37,12,2.36,168.8,14.06666667,119.1,2.67
O2Si1,92,5.47,1.99,0.51,14.88,0.68,2.63,12,2.13,187.7,15.64166667,13.5,2.67
O2Si1,148,5.64,0.64,0.01,3.29,0.27,2.65,18,1.91,313.6,17.42222222,2.5,2.67
O2Si1,227,6.13,17.74,0.28,9.11,1.25,0.72,24,0.89,898.1,37.42083333,37.1,2.67
O2Si1,217,5.65,3.56,0.16,12.19,0.95,1.77,18,1.71,349.4,19.41111111,21.2,2.67
O2Si1,48,4.59,15.2,3.44,105.83,1.67,2.19,24,2.27,351.5,14.64583333,73.9,2.67
O2Si1,43,5.72,5.7,0.34,22.93,0.72,1.93,6,2.13,93.5,15.58333333,22.8,2.67
O2Si1,95,2.9,8.65,0.32,47.45,0.56,2.08,24,2.84,280.6,11.69166667,63.9,2.5
O2Si1,24,5.14,6.07,0.18,53.12,1.07,2.59,12,2.64,151.4,12.61666667,36.8,2.67
O2Si1,98,4.47,26.26,4.05,95.21,0.47,1.66,24,2.08,383.1,15.9625,91.7,2.67
O2Si1,15,5.58,2.19,0.23,22.02,2.43,3.03,18,2.41,248.2,13.78888889,17.6,2.67
O2Si1,7,3.62,7.96,1.9,106.82,1.84,3.08,12,3.13,127.6,10.63333333,49.7,2.67
O2Si1,63,5.37,6.55,3.37,19.39,3.94,1.58,24,1.78,447.8,18.65833333,37.1,2.67
O2Si1,206,5.54,7.44,0.25,133.94,0.81,3.34,24,2.51,318.3,13.2625,52.7,2.67
O2Si1,198,5.64,2.11,0.24,25.85,2.54,3.33,24,2.16,370.3,15.42916667,16.7,2.67
O2Si1,181,5.52,116.88,1.19,175.08,0.52,1.27,9,2.37,126.5,14.05555556,133.5,2.67
O2Si1,4,5.51,2.45,0.38,15.26,1.63,2.37,12,2.09,191.1,15.925,16.1,2.67
O2Si1,15,5.54,1.89,0.18,10.91,0.92,2.4,12,2.12,188,15.66666667,12.8,2.67
O2Si1,46,5.58,10.6,0.28,19.27,0.73,1.32,12,1.77,225.1,18.75833333,36.8,2.67
O2Si1,98,4.81,19.22,5.11,71.89,1.85,1.77,12,2.2,181.8,15.15,60.1,2.67
O2Si1,155,5.55,9.38,0.65,56.47,1.04,2.08,27,2.03,441.9,16.36666667,53.9,2.67
O2Si1,13,0.32,10.68,7.23,106.98,3.63,2.67,12,2.39,167.2,13.93333333,47.2,2.42
O2Si1,182,5.45,6.5,0.91,28.39,1.94,1.92,12,2.05,194.4,16.2,31.4,2.58
O2Si1,5,5.42,3.78,0.21,24.93,0.69,2.34,12,2.17,184,15.33333333,23.1,2.67
O2Si1,72,4.68,4.37,0.25,34.01,0.72,2.56,6,2.46,81,13.5,21.9,2.67
O2Si1,5,5.15,13.28,2.01,92.73,0.5,2.3,12,2.45,163.2,13.6,54.2,2.67
O2Si1,20,5.49,20.84,1.41,73.46,0.36,1.74,12,2.26,176.4,14.7,64.1,2.67
O2Si1,132,4.78,15.97,1.14,79.22,1.04,1.9,24,2.11,378.5,15.77083333,71.5,2.67
O2Si1,227,5.36,308.03,2.13,107.3,0.45,0.73,6,1.92,103.9,17.31666667,144.2,2.67
O2Si1,96,5.49,1.99,0.54,15.27,0.7,2.67,12,2.15,185.5,15.45833333,13.6,2.67
O2Si1,50,1.15,17.22,1.11,111.11,0.67,2.12,24,2.4,333.3,13.8875,82.7,2.67
O2Si1,60,5.25,163.79,16.41,1338.99,0.44,2.54,12,4.22,94.6,7.883333333,290.7,2.67
O2Si1,15,5.51,7.53,0.59,32.17,1.1,1.82,24,1.77,451.3,18.80416667,40.3,2.67
O2Si1,180,5.52,117.07,1.18,175.62,0.51,1.27,9,2.37,126.5,14.05555556,133.6,2.67
O2Si1,194,5.48,40.64,3.05,41.92,1.05,1,18,1.54,387.5,21.52777778,77.8,2.67
Na6O5Pb1,63,1.02,3,0.51,242.64,0.45,5.25,24,4.1,344.4,14.35,53.8,4.42
Na6O5Pb1,107,1.09,4.62,0.89,186.09,0.43,3.68,12,4.11,171.6,14.3,58.4,4.17
K4O18Si8,2,4.4,1.87,0.18,19.87,1.75,2.85,30,2.21,503.8,16.79333333,20.1,4.93
K2La2O10Ti3,139,2.32,3.82,0.97,21.11,0.77,1.31,17,4.67,234.4,13.78823529,88.2,5.76
Ge3Nb1O9Rb1,188,3.33,2.57,1.04,14.01,1.66,1.56,28,3.89,461.1,16.46785714,58.4,6.39
K2O3Pb2,199,1.68,1.03,52.83,2.83,5.5,3.41,14,5.73,313.2,22.37142857,20.6,5
O7Sn2Y2,227,2.64,24.53,8.83,859.26,2.07,4.31,22,5.93,295.4,13.42727273,161.2,2.91
O7Sn2Y2,227,2.64,24.53,8.84,853.39,2.07,4.3,22,5.93,295.4,13.42727273,161.2,2.91
Al2Ca2O7Si1,113,4.27,18.42,2.2,225.38,0.87,2.78,24,2.98,305.2,12.71666667,99.2,3.25
Ge1O3Sr1,189,2.98,6.01,1.3,99.48,1.19,3.37,15,4.19,247.5,16.5,49.8,2.73
Ge1O3Sr1,15,3.36,5.18,2.12,78.73,3.82,3.24,30,4.2,494.4,16.48,59.7,2.3
Hg1O2Sr1,154,2.14,4.93,2.17,32.81,1.62,2.4,12,6.34,251.5,20.95833333,49.1,3
Hg1O2Sr1,166,2.14,7.6,2.3,22.92,1.19,1.49,4,6.34,83.8,20.95,49.6,3.75
Ge2Na2O7Zr1,2,3.66,6.28,0.35,164.55,0.32,3.72,24,3.85,339.9,14.1625,66.5,3.5
Ga1O6Y3,36,3.33,9.18,1.83,346.49,0.4,3.24,20,5.09,282.4,14.12,127.3,4.2
O3Pb1Rb2,36,1.28,3.27,0.11,38.31,0.3,3.09,12,5.55,255,21.25,35.3,2.33
O3Pb1Rb2,62,1.28,1.58,0.3,52.24,1.61,4.22,24,5.56,508.6,21.19166667,35.4,4.63
K4O18Si6Sn2,146,3.85,2.48,0.57,51.21,1.47,2.96,30,3.06,461.3,15.37666667,44,6.33
Al6Ca4O13,217,3.6,3.39,0.12,124.34,1.13,4.61,23,2.75,320,13.91304348,33.2,3.48
Mg2O4Sn1,227,1.9,11.27,2.56,968.64,1.15,4.1,14,4.74,162.1,11.57857143,141,4.57
K1O2Y1,166,3.93,6.62,0.91,114.3,0.49,1.69,4,3.92,67.7,16.925,73.9,6
Ba1Ca1Ga4O8,44,3.06,10.49,0.95,332.5,1.19,4.12,14,4.8,202.3,14.45,78.5,3.43
K2O9Si4,176,4.62,3.74,2.67,155.13,1.74,2.94,30,2.97,374.6,12.48666667,82.9,8.73
O4Pb1Sr2,55,1.42,3.72,1.37,253.47,1.39,3.74,14,6.54,226.6,16.18571429,90.4,5.14
Au2O8Sr5,22,1.4,3.47,8.35,25.82,3.1,1.62,15,6.84,233,15.53333333,87.5,5
Ba1O2Zn1,152,2.28,7.05,1.47,221.08,1.33,3.3,12,5.55,210.5,17.54166667,82.1,4
O2Sr1,139,2.68,3.68,1.13,2.6,0.61,0.85,3,4.57,43.5,14.5,66.3,7.33
Cd2K2O3,14,0.67,3.48,3.06,380.77,1.7,5.84,14,4.37,266.5,19.03571429,47.3,4
Ca1In2O4,141,2.03,20.82,1.03,635.26,0.91,3.99,14,5.37,206.3,14.73571429,118.8,3.43
K4O4Sn1,2,2.34,2.2,0.24,35.03,1.43,2.61,18,2.99,376.4,20.91111111,32.5,4.83
O4Pb2Sn1,55,2.07,2.19,1.18,152.74,1.93,6.77,28,7.78,509.6,18.2,45.8,3.39
Ge1Hg2O4,70,0.93,1.54,0.22,61.95,1.25,5.94,14,8.21,217.6,15.54285714,28,2.14
Au1Na3O2,136,2.07,3.06,1.23,13.34,1.62,4.2,24,4.47,442.3,18.42916667,38.7,3.25
Ge1Na2O3,36,2.97,6.81,2.06,119.08,4.68,2.97,12,3.21,172.3,14.35833333,52.2,3.67
Ge2O7Sr2Zn1,113,3.09,5.45,0.36,231.54,0.62,4.1,24,4.5,367.4,15.30833333,75.8,3.79
Hf1O2,62,3.68,8.92,18.55,64.97,1.88,1.55,12,11.22,124.6,10.38333333,202.4,4.67
Hf1O2,225,4.09,31.97,127.41,68.4,13.74,2.47,3,10.36,33.7,11.23333333,241.1,5.33
Hf1O2,137,4.62,49.65,20.75,67.37,1.65,1.32,6,10.22,68.4,11.4,177.2,2.67
Hf1O2,14,4.36,10.17,3.76,9.81,0.47,0.69,12,9.65,144.9,12.075,187.9,4.58
Hf1O2,61,4.57,7.38,7.76,11.95,1.42,1.69,24,10.08,277.5,11.5625,217.5,4.67
Al1K1O2,92,3.78,4.5,2.42,182.3,0.48,2.73,16,2.69,241.8,15.1125,70.4,5.88
Al4Ca1O7,15,4.02,20.37,1.72,268.96,0.35,2.62,24,2.82,306.7,12.77916667,112.3,3.5
Ca1Ge1O3,62,2.06,10.22,36.86,185.29,13.65,2.17,20,4.95,215.8,10.79,163.6,4.65
Ba1O3Sn1,221,0.39,3.31,12.25,4529.04,5.6,6.62,5,6.88,73.4,14.68,131.3,12
Ba1O3Sn1,221,0.39,3.31,12.26,4539.19,5.6,6.63,5,6.88,73.4,14.68,131.3,12
Ge1K1Na1O3,33,3.03,2.29,0.24,103.47,0.71,4.05,24,3.32,366,15.25,41.1,6.17
O7Sc2Si2,12,4.7,53.89,1.16,7.16,0.2,0.41,11,3.23,132.8,12.07272727,152.9,3.64
O7Sc2Si2,227,4.2,67.2,5.4,3.11,1.88,0.91,22,4.09,209.5,9.522727273,235.7,2.91
O7Sc2Si2,12,4.69,68.97,1.13,7.15,0.19,0.41,11,3.22,133,12.09090909,152.9,3.45
Au1O2Rb1,63,1.66,0.87,0.3,0.69,2.16,2.01,8,5.94,175.8,21.975,16.8,4.88
Ba1O9Ti4,59,3.01,7.19,5.47,3.25,8.8,1.02,28,4.27,367.5,13.125,129.5,4.64
Cd1K6O4,186,1.63,2.22,0.23,64.84,2.63,3.61,22,3.03,450.5,20.47727273,31.8,4.45
Ba1O4Y2,62,3.43,3.72,3.72,55.43,2.01,1.97,28,5.46,461.5,16.48214286,107.8,5.68
Na2O3Ti1,71,3.58,1.78,0.21,0.43,0.68,0.91,6,3.3,71.4,11.9,26.8,6
Ga1La1O3,62,3.26,6.65,34.95,340.25,24.58,3.39,20,6.9,247,12.35,149.8,4.7
Ga1La1O3,167,3.27,31.66,7.2,484.1,2.8,3.01,10,6.93,123,12.3,158.9,3.5
Ga1La1O3,161,3.28,11.46,7.29,484.62,2.82,3.02,10,6.94,122.9,12.29,158.9,4.7
Ga1La1O3,62,3.26,8.28,35.28,334.78,24.66,3.37,20,6.9,247,12.35,149.8,4.25
Ca1O2,139,2.58,12.44,0.72,1.46,1.15,1.02,3,3.19,37.5,12.5,34.2,2
Ca1O2,139,2.58,12.37,0.71,1.44,1.15,1.01,3,3.19,37.5,12.5,34.1,2
Ba4O6Pt1,167,1.99,2.14,7.95,1.03,1.26,1.67,22,6.99,399.4,18.15454545,74.2,6.55
Ca1O6V2,12,2.77,4.55,0.71,0.29,2.53,1.42,9,2.81,140.8,15.64444444,29.2,3.44
K1La1Na1Nb1O5,129,3.66,3.71,0.52,10.22,0.7,1.15,18,4.25,291.9,16.21666667,66.8,4.72
K2O2Zn1,72,2.01,4.39,0.2,119.52,0.25,3.25,10,3.33,175.3,17.53,42.2,4
Ca1O5Si1Ti1,15,3.2,27.97,2.81,2.85,1.67,0.42,16,3.39,191.8,11.9875,112.2,3.25
Ca1O5Si1Ti1,15,3.2,18.47,2.77,2.9,1.66,0.42,16,3.39,191.8,11.9875,112.2,3.69
Ca1O5Si1Ti1,15,3.2,17.44,2.8,2.84,1.67,0.42,16,3.39,191.9,11.99375,112.2,3.75
O3Sr1Zr1,63,3.81,8.36,13.97,64.82,6.56,1.51,20,5.15,292.3,14.615,141.5,4.7
O3Sr1Zr1,62,4.06,23.12,1.55,97.13,1.71,5.36,20,5.17,291.2,14.56,141.5,3.4
O3Sr1Zr1,221,3.61,5.03,16.66,76.73,7.01,2.98,5,5,75.4,15.08,147.1,12
O3Sr1Zr1,140,3.97,8.63,4.2,36.6,2.52,2,10,5.15,146.4,14.64,137.1,5.6
Na2O4Si1Zn1,7,3.19,8,0.49,227.57,0.55,3.22,16,3.25,208.1,13.00625,75.1,3.94
K3Mn1O4,121,0.13,1.84,0.07,0.37,0.44,0.42,8,2.61,150.2,18.775,23.2,5.38
O1Pb1,29,2.22,0.42,0.04,2.79,0.74,15.68,8,8.61,172.28,21.535,6.2,3
O1Pb1,57,2.23,0.42,0.05,3.01,0.77,16.08,8,8.52,174,21.75,6.2,2
O1Pb1,67,1.4,0.34,0.24,16.51,2.71,14.81,4,8.78,84.4,21.1,6.3,4
O1Pb1,129,1.41,0.29,0.19,13.32,2.84,15.45,4,8.76,84.6,21.15,5,4
Ge2K2O7Pb2,147,3.09,1.44,0.52,6.32,0.58,3.13,13,5.2,239.3,18.40769231,34.3,7.23
K2O3Ti1,63,3.64,3.2,4.13,2.04,4.33,0.54,12,2.89,199.8,16.65,51.1,6
O3Pb2,14,1.04,2.64,2.17,2.33,4.09,1.05,20,9.54,322.1,16.105,61.3,3.6
O3Pb2,11,0.82,1.1,6.15,2.62,5.72,4.06,10,9.61,159.8,15.98,21.1,1.7
Ba6O18W4,167,3.47,1.78,1.05,0.81,0.74,2,28,7.06,434.3,15.51071429,60,10.96
Ca2O6Pd1W1,25,1.86,3.01,7.58,6.63,5.44,1.72,20,5.83,265.7,13.285,103.4,8.25
Ca2O6Pd1W1,225,0.88,3.36,42.34,39.52,7.9,1.28,10,5.7,135.92,13.592,115.3,9.6
Ge2K2O6Zn1,20,2.84,3.67,0.44,96.83,0.49,4.21,22,3.59,355.8,16.17272727,38,2.14
O3Pb1Zr1,38,2.64,2.89,24.56,289.33,1.82,4.87,5,7.45,77.2,15.44,120.4,11.6
O3Pb1Zr1,221,2.21,3.95,2.59,747.09,0.93,9,5,7.59,75.8,15.16,149.1,10.8
Ca1O3Ti1,62,2.7,22.03,2.37,46,1.29,3.17,20,3.89,232.1,11.605,168,3.95
Ca1O3Ti1,65,2.19,8.6,20.02,42.88,4.27,1.93,5,3.77,59.8,11.96,170.8,10.8
Ca1O3Ti1,140,2.62,6.21,13.15,16.3,6.29,2.28,10,3.87,116.7,11.67,164.7,10.4
Ca1O3Ti1,221,2.19,7.65,20,42.86,4.27,1.93,5,3.77,59.8,11.96,170.8,12
Ca1O3Ti1,221,2.19,7.66,20.02,43.61,4.27,1.94,5,3.77,59.8,11.96,171,12
Ca1O3Ti1,62,2.7,23.01,2.43,48.74,1.31,3.25,20,3.89,232.1,11.605,168,3.9
O2Pb1Rb2,2,1.89,0.95,0.17,3.67,1.41,2.39,20,5.18,525.7,26.285,14.9,3.7
La2O3,164,3.94,7.36,0.76,4.42,0.69,1.86,5,6.33,85.5,17.1,103.7,5.6
La2O3,12,3.93,5.68,1.22,1.09,1.95,0.37,15,6.33,256.6,17.10666667,103.5,4.53
La2O3,150,3.94,7.35,0.76,4.4,0.69,1.86,5,6.33,85.5,17.1,103.6,5.6
K2O9Si3Ti1,176,3.53,3.36,0.85,0.49,1.28,1.36,30,2.85,413.2,13.77333333,64.5,6.77
K2O9Si3Ti1,146,3.66,2.66,0.21,0.3,0.3,1.74,30,2.61,451.6,15.05333333,44.6,7.43
Ca1Mg1O4Si1,62,4.66,7.32,1.82,241.3,1.71,3.03,28,2.98,348.6,12.45,98,4.39
Ge1O8Zr3,121,4.13,60.12,6.14,3.48,0.87,0.69,12,5.65,139.4,11.61666667,191.2,3.33
Ge1Mg2O4,227,3.08,15.26,2.65,823.29,1.03,3.42,14,4.26,144.3,10.30714286,158.1,4.5
Ge1Mg2O4,62,3.38,8.5,7.54,554.24,1.65,4.59,28,3.92,313.5,11.19642857,108,3.86
Ge1Mg2O4,227,3.08,16.6,2.64,796.79,1.03,3.38,14,4.26,144.4,10.31428571,157.9,4.36
Ge1Na1O4Y1,33,3.53,9.28,1.4,234.67,0.98,3.81,28,4.05,407.8,14.56428571,83.8,3.25
Ge1Na1O4Y1,62,3.53,4.47,1.41,245.48,0.99,3.88,28,4.05,407.7,14.56071429,83.8,4.57
La2O7Ti2,227,3.09,29.32,4.88,21.72,1.51,1.83,22,5.45,296,13.45454545,167.9,2.91
La2O7Ti2,36,2.76,10.41,6.41,4.67,4.95,0.62,22,5.52,292.3,13.28636364,129.3,3.82
Ba1Na1O7Sc1Si2,11,4.53,3.7,2.73,110.34,1.84,2.69,24,3.7,335,13.95833333,80.4,5.96
Na2O3Si1,36,3.88,5.88,0.44,124.61,0.51,2.43,12,2.55,159,13.25,60.7,4.67
Ge2O7Rb6,14,2.86,1.57,0.35,52.82,1.13,4.2,30,4.01,638.2,21.27333333,30.9,6.57
Na2O2,189,1.64,3.18,0.83,15,0.8,1.26,12,2.54,153.1,12.75833333,47.6,6.42
In1Na1O6Si2,15,3.55,8.3,1.39,269.39,0.84,3.44,20,3.99,241.6,12.08,94.6,3.9
Ba3O8V2,166,3.69,3.73,1.31,0.69,0.99,0.38,13,4.93,216.1,16.62307692,66.2,4.69
O4Rb2Zn3,15,1.42,2.28,5.39,300.56,3.55,5.9,18,4.9,292.4,16.24444444,50.7,5.28
Cu1O2Rb3,14,1.72,1.53,0.25,11.14,3.28,2.51,24,3.98,587.8,24.49166667,23.7,3.96
Ga2O6Rb6,12,2.44,1.88,0.15,72.37,0.67,4,14,4.24,293.3,20.95,31.2,4.43
O7Si2Sr2Zn1,113,3.92,3.58,2.37,205.07,0.56,3.35,24,3.96,342.9,14.2875,86.4,6.46
Co1Cr2O4,227,0.1,15.38,41.74,4.17,6.15,0.41,14,5.75,131.1,9.364285714,197.7,4.57
K2O9Si3Zr1,176,4.8,3.89,0.72,70.98,2.26,2.83,30,2.97,444.9,14.83,55.3,4.2
K2O9Si3Zr1,174,4.8,3.11,0.71,73.12,2.25,2.87,30,2.97,445.1,14.83666667,55.1,5.53
K2O9Si3Zr1,143,4.8,3.14,0.72,73.21,2.26,2.87,30,2.97,445,14.83333333,55,5.4
Fe1Na3O3,9,0.55,3.87,0.38,4.12,1.06,0.92,28,3.01,381.7,13.63214286,54.6,4.21
Fe1Na3O3,14,0.45,1.97,0.81,0.35,5.76,1.18,28,3.05,376.6,13.45,24.4,4.14
Ga1O3Y1,185,2.73,17.21,12.46,436.44,3.61,3.74,30,5.27,390.8,13.02666667,145.4,3.17
K2O2,64,2.4,2.29,1.01,8.22,4.71,4.36,8,2.34,156.7,19.5875,31.1,6.38
Ca3O5Si1,160,3.26,6.41,0.65,230.02,0.28,2.9,27,3.02,377.2,13.97037037,97,4.78
Al1K1O8Si3,2,4.9,4.46,0.25,99.39,0.28,3.02,26,2.45,377.3,14.51153846,50.8,4.08
In4O7Rb2,162,1.49,2.84,0.5,626.4,1.19,5.17,13,5.83,211.3,16.25384615,85.8,7.08
K2O3Zr1,62,3.61,2.99,0.82,52.27,1.15,3.02,24,3.21,450.1,18.75416667,39.4,3.92
Au2Ca1O4,88,1.74,3.77,0.61,3.32,1.17,0.76,14,8.83,187.2,13.37142857,96.2,4.5
Au2Ca1O4,88,1.74,3.77,0.61,3.31,1.17,0.76,14,8.83,187.2,13.37142857,96.2,4.5
Au1K1O2,47,1.26,1.28,5.84,3.69,3.81,2.11,4,6.73,66.1,16.525,35,6.5
O3Sr1Ti1,221,2.11,6.17,18.32,37.9,4.75,2.12,5,4.88,62.4,12.48,165.9,11.4
O3Sr1Ti1,140,2.23,5.13,15.64,34.03,6.27,2.57,10,4.89,124.5,12.45,162.7,10.4
O3Sr1Ti1,46,2.23,7.58,15.75,34.14,6.29,2.57,10,4.9,124.4,12.44,162.7,7.1
O3Sr1Ti1,221,2.11,5.86,18.24,36.77,4.74,2.09,5,4.89,62.4,12.48,165.9,12
Ca2Hf7O16,148,4.21,8.34,2.74,128.21,0.51,2.36,25,8.29,317.5,12.7,174.1,4.12
La2O7Sn2,227,2.57,20.03,7.34,658.72,2.09,4.22,22,6.5,320.5,14.56818182,150,2.91
La2O7Sn2,227,2.56,19.9,7.21,692.97,2.09,4.32,22,6.49,320.9,14.58636364,149.3,2.91
Ba3O9Y4,146,3.24,3.81,0.52,93.66,0.54,2.15,16,5.23,289.4,18.0875,96.2,6
Ca1Hg1O2,166,2.08,9.93,3.58,24.84,1.28,1.39,4,6.34,71.4,17.85,59.2,3.75
Ga2O4Pb1,40,3.45,5.05,1.27,23.73,1.96,8.42,14,6.2,220,15.71428571,55.6,3
Ga2O4Pb1,1,3.45,5.05,0.43,24.04,0.42,8.47,14,6.2,220,15.71428571,55.6,3.07
Mg1O3Si1,148,5.83,24.85,1.87,648.97,0.91,2.36,10,3.7,90.2,9.02,186.6,4.8
Mg1O3Si1,62,5.45,33.13,6.18,728.1,0.81,2.72,20,3.99,167.2,8.36,229.3,3.95
Mg1O3Si1,63,4.69,27.14,5.71,1051.32,2.17,2.92,10,3.98,83.8,8.38,195,4.6
K2O15Si6Ti1,2,3.57,3.27,1.31,0.19,1.5,0.46,24,2.66,333.9,13.9125,57.8,6.79
O3Sn1Sr1,62,1.75,16.12,34.96,356.85,17.63,3.43,20,6.14,275.1,13.755,136,3.45
O3Sn1Sr1,74,1.63,13.28,13.33,612.85,5.2,3.44,10,6.14,137.6,13.76,136.4,4.3
O3Sn1Sr1,221,1.03,4.39,13.86,2715.68,5.27,4.83,5,6.09,69.4,13.88,141.8,10.8
O3Sn1Sr1,140,1.57,7.08,9,1002.32,6.35,4.18,10,6.15,137.4,13.74,136.7,5.6
O3Sn1Sr1,221,1.01,4.02,13.95,2868.7,5.27,4.93,5,6.08,69.4,13.88,142.1,12
La4O12Ti3,148,3.08,8.83,5.72,1.69,1.88,1.54,19,6.03,245.3,12.91052632,143.2,4.32
O3Rb2Sn2,166,1.21,1.03,66.87,12.08,4.36,4.39,7,4.43,171.1,24.44285714,20.9,6.86
Ge1O3Pb1,148,2.67,1.81,3.48,26.91,8.69,7.88,30,6.08,536.8,17.89333333,32.1,2.77
Ba1Na2O6Si2,4,4.19,3.05,0.37,107.82,0.36,3.46,22,3.45,323,14.68181818,52.3,4.91
La1O2Rb1,166,3.57,2.66,1.03,49.89,3,1.58,4,5.17,82.3,20.575,59.8,7.5
Ba1O9Si3Ti1,188,3.38,6.77,1.07,0.77,0.34,1.2,28,3.52,390.1,13.93214286,106.9,4.57
Ba2O4Si1,62,4.63,2.52,1.35,120.15,1.91,3.83,28,5.24,465.3,16.61785714,67.2,5.57
Ba1O1,225,2.09,7.1,14.01,43.22,9.2,3.33,2,5.75,44.3,22.15,68,6
Ba1O1,194,2.36,3.92,38.85,35.72,5.53,4.01,4,5.94,85.7,21.425,66.2,6
Ba1O1,129,3.05,1.22,0.46,30.14,2.06,3.65,4,5.91,86.2,21.55,18.1,4
Ba1Ga1La1O4,19,3.88,7.3,1.71,209.68,2.4,4.11,28,6.08,447.59,15.98535714,90.6,3.04
Na2O2Zn1,14,1.47,3.54,1.67,338.59,1.21,5.06,20,3.5,272.1,13.605,57.7,4.7
O2Rb2Sn1,19,2.24,0.97,0.64,0.84,1.13,3.75,20,4.17,512.8,25.64,13.8,4.15
Cd2O4Si1,227,1.04,9.87,10.47,1221.48,2.14,4.79,14,6.15,171.1,12.22142857,150.3,4.57
Cd2O4Si1,70,1.49,14.87,1.24,1077.89,1.21,6.02,14,5.75,183,13.07142857,101.1,2.21
K4O12Zr5,164,3.04,5.86,3.8,15.31,0.49,0.86,21,4.09,326.9,15.56666667,121.8,5.71
Al2O5Ti1,63,3.25,31.48,25.85,15.48,0.73,2.39,16,3.57,169,10.5625,177.8,3.94
Ba1Hg1O2,182,2.14,1.72,1.38,35.09,4.58,3.34,24,6.93,531.7,22.15416667,44.7,4.38
Ba1Hg1O2,166,2.23,4.86,0.45,18.56,0.68,1.49,4,6.16,99.8,24.95,41.7,4
Ga1In1O5Zn2,194,1.19,10.07,9.36,2688.82,5.92,7.12,18,5.96,220.2,12.23333333,146.8,4.22
La1O3Sc1,62,4,12.37,6.08,6.13,2.39,0.6,20,5.48,280.9,14.045,146,4
Ga4O8Ti1,12,2.58,16.08,1.87,92.48,0.68,1.63,13,5,151.1,11.62307692,139,4
Al2K6O6,12,2.94,3.26,0.26,65.41,0.89,2.69,14,2.55,250.4,17.88571429,37.3,4.5
Ga2O3,167,2.43,16.52,2.2,2713.77,0.58,5.02,10,6.19,100.6,10.06,196.3,4.8
Ga2O3,12,2.01,20.56,1.06,2292.91,0.5,5.4,10,5.68,109.5,10.95,153.8,4
Ca3Ge1O1,62,0.24,2.32,220.06,137.09,11.34,6.26,20,3.25,426.3,21.315,56.7,11.9
Ca1O3Si1,139,3.54,6.27,79.01,1826.98,10.48,4.09,20,4.11,187.7,9.385,214.6,11.85
Ca1O3Si1,127,3.61,19.98,21.71,949.99,1.68,2.54,10,4.13,93.5,9.35,215.2,5.6
Ca1O3Si1,140,3.68,20.03,21.47,869.7,2.23,2.45,10,4.11,93.8,9.38,214.7,5.6
Ca1O3Si1,2,4.83,9.2,0.74,148.26,0.63,2.62,30,2.83,408.6,13.62,89,3.77
Ca1O3Si1,62,3.73,8.27,35.86,656.43,2.55,2.72,20,4.11,187.7,9.385,213.9,7.6
Ca1O3Si1,221,3.47,9.54,34.76,1063.56,3.78,2.12,5,4.11,46.9,9.38,217,12
Ca1O3Si1,15,4.7,10.49,2.47,109.16,2.87,2.62,30,2.84,407.7,13.59,76.3,2.33
Ca1O3Si1,74,3.72,23.81,18.11,767.6,1.05,2.34,10,4.11,93.8,9.38,214.2,5.2
Ca1O3Si1,204,3.58,6.27,61.66,1783.01,9.49,4.05,20,4.11,187.5,9.375,214.7,11.85
Ge1K4O4,2,2.82,2.51,0.18,79.11,0.6,3.47,18,2.83,343.5,19.08333333,33.8,4.56
Mg1Na2O4Si1,7,3.8,9.74,0.7,201.12,0.59,2.82,16,2.59,208.2,13.0125,72.1,3.88
Na2O7Ti3,11,3.27,8.35,0.6,1.65,1.19,0.89,24,3.28,305.5,12.72916667,89,3.88
Hg1O2,61,0.18,1.49,3.44,23.76,3.8,8.23,12,8.36,184.7,15.39166667,26.4,1.83
Al2Cd1O4,227,2.7,14.79,5.16,981.27,1.79,3.64,14,5.03,152.2,10.87142857,172.9,4.57
Au1O1Rb3,221,0.25,0.76,0.39,23.94,1.48,7.7,5,4.43,176,35.2,19.5,12
O7Sr3Ti2,139,2.19,4.32,22.32,48.68,7.78,2.36,12,4.84,161.5,13.45833333,136.3,9.58
Ca2O4Si1,139,4.35,8.63,20.64,141.77,3.63,1.31,7,3.76,76.1,10.87142857,152.1,8
Ca2O4Si1,186,4.19,6.97,0.9,157.3,0.32,2.49,14,3.04,188.2,13.44285714,77.9,4.57
Ca2O4Si1,14,4.72,7.65,0.64,218.01,0.62,3.19,28,3.24,353.3,12.61785714,91.5,3.96
Ca2O4Si1,164,4.18,5.54,1.72,197.15,1.14,2.53,14,3.07,186.3,13.30714286,86.3,5.71
Ca2O4Si1,62,4.23,6.43,4.31,129.27,4.46,2.48,28,2.91,393.6,14.05714286,87.4,4.43
Ca1Ga2O4,62,3,6.05,1.86,1558.66,1.61,5.96,28,5.42,298.7,10.66785714,161.9,5.46
K6O7Ti2,14,3.4,2.61,0.3,37.41,2.49,2.86,30,2.43,604.8,20.16,31.1,4.03
K6O7Ti2,7,3.4,2.35,0.3,36.22,2.49,2.83,30,2.43,604.5,20.15,31.1,4.6
Ba1O9Si4,188,4.35,5.9,1.52,153.35,0.35,2.21,28,3.68,355.4,12.69285714,131.3,5.93
O2Pb1,136,0.01,11.2,4.65,14.46,1.21,1.9,6,9,88.2,14.7,108.4,4
K4O4Pb1,2,1.69,1.81,0.18,16.83,1.82,2.25,18,3.62,392.1,21.78333333,30.1,4.83
O4Rb4Sn1,2,2.17,1.54,0.19,37.63,0.84,3.48,18,4.11,423.8,23.54444444,27.6,4.83
O3Y2,62,3.08,8.35,1.85,62.14,0.83,1.69,20,5.49,273.3,13.665,128.8,4.25
O3Y2,12,4.11,10.07,3.6,159.01,0.91,2.08,15,5.1,220.7,14.71333333,132.9,4.53
O3Y2,164,3.89,14.87,16.75,215.94,0.63,1.76,5,5.16,72.6,14.52,126.7,5.2
O3Y2,12,4.11,11.82,7.57,162.6,2.46,2.09,15,5.09,220.8,14.72,132.9,4.27
O4Si1Ti1,88,2.59,76.64,3,0.98,0.59,0.57,12,4.21,110.4,9.2,194.7,2.58
O4Si1Ti1,63,1.98,30.26,5.22,5.95,1.06,0.56,12,3.38,137.4,11.45,103.6,1.92
O4Si1Ti1,141,2.78,107.15,9.82,1.41,0.41,0.57,12,3.83,121.5,10.125,210.3,2.58
Au5O2Rb7,71,0.83,0.66,0.19,17.15,0.76,4.58,14,5.77,464.7,33.19285714,13.1,8.36
Ca3O9Si3,2,4.74,6.83,0.97,180.61,0.88,3.53,30,2.98,388.6,12.95333333,70,3.6
O9Si3Sr3,15,4.61,3.13,0.64,96.43,1.18,2.92,30,3.54,460.7,15.35666667,69.4,6.3
O9Si3Sr3,2,4.37,3.44,1.51,163.95,1.83,3.99,30,3.7,440.5,14.68333333,63.4,4.63
O9Si3Sr3,5,4.61,3.9,0.64,92.95,1.18,2.88,30,3.54,460.6,15.35333333,69.4,4.6
Ge1O1Sr3,62,0.44,4.19,38.26,61.32,7.67,3.09,20,4.42,528.4,26.42,43.8,3.4
Ge1O3Zn1,148,2.09,28.71,0.87,1940.6,0.48,5.22,10,5.98,103.4,10.34,155.4,3.6
Ge1O3Zn1,161,1.35,52.36,3.28,3261.37,0.73,5.81,10,6.21,99.5,9.95,181.4,2.4
Ge1La2Mg1O6,146,3.98,8.01,6.23,0.32,2.76,0.51,10,6.43,121.6,12.16,145.3,5.3
Mg1O7Si2Sr2,113,4.51,3.79,1.3,185.64,1.28,3.09,24,3.58,341.5,14.22916667,85.3,6.46